13,13,柳工TC250C5下车刹车灯,349,shopping_goods/goods13.jpg,12
14,14,柳工TC5000C5上车空气阀门,269,shopping_goods/goods14.jpg,114
1,1,柳工TC120C5L下车过油滤芯,429,shopping_goods/goods1.jpg,125
40,16,柳工TC120C3L上车过油滤芯,459,shopping_goods/goods16.jpg,1
3,3,柳工TC3500C4上车空气阀门,29,shopping_goods/goods3.jpg,102
4,4,柳工TC200C5下车点火器总程,129,shopping_goods/goods4.jpg,51
5,5,柳工TC300C5专用轮胎,1899,shopping_goods/goods5.jpg,12
6,6,柳工TC200C5前车大灯,349,shopping_goods/goods6.jpg,10
7,7,柳工TC200C5下车刹车灯,369,shopping_goods/goods7.jpg,5
8,8,柳工TC200C5下车进油回转,1299,shopping_goods/goods8.jpg,67
9,9,柳工TC300C4前车大灯,2099,shopping_goods/goods9.jpg,30
2,2,柳工TC200C5专用轮胎,1799,shopping_goods/goods2.jpg,120
10,10,柳工TC3500C5上车空气阀门,1499,shopping_goods/goods10.jpg,27
11,11,柳工TC500C5专用轮胎,2199,shopping_goods/goods11.jpg,123
12,12,柳工TC120C5L上车过油滤芯,459,shopping_goods/goods12.jpg,12
