13,13,349,shopping_goods/goods13.jpg
14,14,269,shopping_goods/goods14.jpg
1,1,429,shopping_goods/goods1.jpg
40,16,459,shopping_goods/goods16.jpg
3,3,29,shopping_goods/goods3.jpg
4,4,129,shopping_goods/goods4.jpg
5,5,1899,shopping_goods/goods5.jpg
6,6,349,shopping_goods/goods6.jpg
7,7,369,shopping_goods/goods7.jpg
8,8,1299,shopping_goods/goods8.jpg
9,9,2099,shopping_goods/goods9.jpg
2,2,1799,shopping_goods/goods2.jpg
10,10,1499,shopping_goods/goods10.jpg
11,11,2199,shopping_goods/goods11.jpg
12,12,459,shopping_goods/goods12.jpg
